{"cameraMode":{"drawMode":0,"name":"Shaded","section":"Shading Mode"},"sceneLighting":false,"audioPlay":false,"sceneViewState":{"showFog":true,"showMaterialUpdate":true,"showSkybox":false,"showFlares":true,"showImageEffects":true,"showParticleSystems":true},"in2DMode":false,"pivot":{"x":1.59499990940094,"y":0.21999996900558473,"z":-1.3550000190734864},"rotation":{"x":-0.5009809136390686,"y":-0.14225013554096223,"z":0.08388703316450119,"w":-0.8495563268661499},"size":11.047346115112305,"orthographic":true}