{"cameraMode":{"drawMode":0,"name":"Shaded","section":"Shading Mode"},"sceneLighting":true,"audioPlay":false,"sceneViewState":{"showFog":true,"showMaterialUpdate":true,"showSkybox":true,"showFlares":true,"showImageEffects":true,"showParticleSystems":true},"in2DMode":false,"pivot":{"x":10.49959945678711,"y":2.9917030334472658,"z":3.120102643966675},"rotation":{"x":-0.009309783577919007,"y":0.0035965940915048124,"z":-0.00003145002483506687,"w":-0.9999502301216126},"size":13.986834526062012,"orthographic":true}